{
  "type": {
    "precision": 0.4117647058823529,
    "recall": 0.6363636363636364,
    "f1-score": 0.5,
    "support": 22,
    "confused_with": {
      "taste": 2,
      "product": 2
    }
  },
  "cheese_shape": {
    "precision": 0.6666666666666666,
    "recall": 1.0,
    "f1-score": 0.8,
    "support": 2,
    "confused_with": {}
  },
  "brand": {
    "precision": 0.9146341463414634,
    "recall": 0.6637168141592921,
    "f1-score": 0.7692307692307693,
    "support": 113,
    "confused_with": {
      "taste": 9
    }
  },
  "taste": {
    "precision": 0.6415094339622641,
    "recall": 0.6938775510204082,
    "f1-score": 0.6666666666666666,
    "support": 49,
    "confused_with": {
      "product": 5
    }
  },
  "doogh_sabzi": {
    "precision": 1.0,
    "recall": 1.0,
    "f1-score": 1.0,
    "support": 3,
    "confused_with": {}
  },
  "family_drink": {
    "precision": 1.0,
    "recall": 1.0,
    "f1-score": 1.0,
    "support": 2,
    "confused_with": {}
  },
  "cat": {
    "precision": 0.5,
    "recall": 0.5,
    "f1-score": 0.5,
    "support": 14,
    "confused_with": {
      "type": 7
    }
  },
  "bag": {
    "precision": 0.6666666666666666,
    "recall": 1.0,
    "f1-score": 0.8,
    "support": 2,
    "confused_with": {}
  },
  "volume": {
    "precision": 0.9387755102040817,
    "recall": 0.8846153846153846,
    "f1-score": 0.9108910891089108,
    "support": 52,
    "confused_with": {
      "weight": 3,
      "brand": 2
    }
  },
  "size": {
    "precision": 0.7777777777777778,
    "recall": 0.875,
    "f1-score": 0.823529411764706,
    "support": 8,
    "confused_with": {
      "product": 1
    }
  },
  "product": {
    "precision": 0.015151515151515152,
    "recall": 1.0,
    "f1-score": 0.02985074626865672,
    "support": 1,
    "confused_with": {}
  },
  "bag_number": {
    "precision": 0.5714285714285714,
    "recall": 0.8,
    "f1-score": 0.6666666666666666,
    "support": 5,
    "confused_with": {
      "weight": 1
    }
  },
  "package": {
    "precision": 1.0,
    "recall": 0.6666666666666666,
    "f1-score": 0.8,
    "support": 6,
    "confused_with": {
      "cheese_shape": 1
    }
  },
  "tea_aromatic": {
    "precision": 1.0,
    "recall": 1.0,
    "f1-score": 1.0,
    "support": 1,
    "confused_with": {}
  },
  "weight": {
    "precision": 0.9333333333333333,
    "recall": 0.9655172413793104,
    "f1-score": 0.9491525423728815,
    "support": 58,
    "confused_with": {
      "bag_number": 2
    }
  },
  "charbi": {
    "precision": 0.75,
    "recall": 1.0,
    "f1-score": 0.8571428571428571,
    "support": 6,
    "confused_with": {}
  },
  "gazdar": {
    "precision": 0.3333333333333333,
    "recall": 1.0,
    "f1-score": 0.5,
    "support": 3,
    "confused_with": {}
  },
  "micro avg": {
    "precision": 0.6560196560196561,
    "recall": 0.7694524495677233,
    "f1-score": 0.7082228116710876,
    "support": 347
  },
  "macro avg": {
    "precision": 0.7130024506322369,
    "recall": 0.8638680761296882,
    "f1-score": 0.7395959264248303,
    "support": 347
  },
  "weighted avg": {
    "precision": 0.8157270531852361,
    "recall": 0.7694524495677233,
    "f1-score": 0.7798305596472935,
    "support": 347
  },
  "accuracy": 0.810126582278481
}