{
  "inform": {
    "precision": 0.66,
    "recall": 0.9705882352941176,
    "f1-score": 0.7857142857142857,
    "support": 34,
    "confused_with": {
      "purchase": 1
    }
  },
  "chichat": {
    "precision": 0.0,
    "recall": 0.0,
    "f1-score": 0.0,
    "support": 2,
    "confused_with": {
      "chitchat": 1,
      "User_Confirm": 1
    }
  },
  "don’t_care": {
    "precision": 1.0,
    "recall": 1.0,
    "f1-score": 1.0,
    "support": 2,
    "confused_with": {}
  },
  "Goodby": {
    "precision": 0.6666666666666666,
    "recall": 0.6666666666666666,
    "f1-score": 0.6666666666666666,
    "support": 3,
    "confused_with": {
      "User_Confirm": 1
    }
  },
  "Regret": {
    "precision": 1.0,
    "recall": 0.5,
    "f1-score": 0.6666666666666666,
    "support": 2,
    "confused_with": {
      "inform": 1
    }
  },
  "Deny": {
    "precision": 1.0,
    "recall": 1.0,
    "f1-score": 1.0,
    "support": 3,
    "confused_with": {}
  },
  "ask_detail": {
    "precision": 0.0,
    "recall": 0.0,
    "f1-score": 0.0,
    "support": 2,
    "confused_with": {
      "user_ask": 1,
      "inform": 1
    }
  },
  "user_ask": {
    "precision": 0.7777777777777778,
    "recall": 0.7777777777777778,
    "f1-score": 0.7777777777777778,
    "support": 9,
    "confused_with": {
      "inform": 2
    }
  },
  "purchase": {
    "precision": 0.9863013698630136,
    "recall": 0.8275862068965517,
    "f1-score": 0.9,
    "support": 87,
    "confused_with": {
      "inform": 12,
      "User_Confirm": 2
    }
  },
  "User_Confirm": {
    "precision": 0.2,
    "recall": 0.5,
    "f1-score": 0.28571428571428575,
    "support": 2,
    "confused_with": {
      "inform": 1
    }
  },
  "prev_inform": {
    "precision": 1.0,
    "recall": 0.5,
    "f1-score": 0.6666666666666666,
    "support": 2,
    "confused_with": {
      "Goodby": 1
    }
  },
  "Greeting": {
    "precision": 1.0,
    "recall": 1.0,
    "f1-score": 1.0,
    "support": 3,
    "confused_with": {}
  },
  "micro avg": {
    "precision": 0.8333333333333334,
    "recall": 0.8278145695364238,
    "f1-score": 0.8305647840531561,
    "support": 151
  },
  "macro avg": {
    "precision": 0.6908954845256217,
    "recall": 0.6452182405529262,
    "f1-score": 0.6457671957671958,
    "support": 151
  },
  "weighted avg": {
    "precision": 0.8585974780005442,
    "recall": 0.8278145695364238,
    "f1-score": 0.8294859665720592,
    "support": 151
  },
  "accuracy": 0.8278145695364238
}